[{"id":"user-image-330557.png","publicUrl":"np://user.desktop.nicepage.com/Site_2436617521/images/330557.png","size":3202,"hash":"EFKNFlusV7QATmDs2UwIKzQfbE4=","fileName":"330557.png","name":"330557","width":128,"height":128,"thumbnail":{"url":"np://user.desktop.nicepage.com/Site_2436617521/images/thumbnails/330557.png","width":128,"height":128,"length":3202,"type":"png"},"folderId":null,"usages":["281106830"]},{"id":"user-image-330425.png","publicUrl":"np://user.desktop.nicepage.com/Site_2436617521/images/330425.png","size":5857,"hash":"SiPGAgXd0B8FW3QTzYCTAZGbxfk=","fileName":"330425.png","name":"330425","width":128,"height":128,"thumbnail":{"url":"np://user.desktop.nicepage.com/Site_2436617521/images/thumbnails/330425.png","width":128,"height":128,"length":5857,"type":"png"},"folderId":null,"usages":["281106830"]},{"id":"user-image-330490.png","publicUrl":"np://user.desktop.nicepage.com/Site_2436617521/images/330490.png","size":880,"hash":"f1o59tZLjaCEp/yGSPJN9CyOLoE=","fileName":"330490.png","name":"330490","width":128,"height":128,"thumbnail":{"url":"np://user.desktop.nicepage.com/Site_2436617521/images/thumbnails/330490.png","width":128,"height":128,"length":880,"type":"png"},"folderId":null,"usages":["281106830"]},{"id":"user-image-4204016.png","publicUrl":"np://user.desktop.nicepage.com/Site_2436617521/images/4204016.png","size":2374,"hash":"YK3H0lmLrJOVe4F+o3tOL7c9f0E=","fileName":"4204016.png","name":"4204016","width":128,"height":128,"thumbnail":{"url":"np://user.desktop.nicepage.com/Site_2436617521/images/thumbnails/4204016.png","width":128,"height":128,"length":2374,"type":"png"},"folderId":null,"usages":["281106830"]},{"id":"user-image-10289675.png","publicUrl":"np://user.desktop.nicepage.com/Site_2436617521/images/10289675.png","size":3304,"hash":"z10bwNi5xYTFr1BAHvYemhd+ZW4=","fileName":"10289675.png","name":"10289675","width":128,"height":128,"thumbnail":{"url":"np://user.desktop.nicepage.com/Site_2436617521/images/thumbnails/10289675.png","width":128,"height":128,"length":3304,"type":"png"},"folderId":null,"usages":["281106830"]},{"id":"user-image-logoalk131.png","publicUrl":"np://user.desktop.nicepage.com/Site_2436617521/images/logoalk131.png","size":167972,"hash":"ZcUf+Tf58EB9l4bRVRTpwCIJSNk=","fileName":"logoalk131.png","name":"logoalk131","width":548,"height":549,"thumbnail":{"url":"np://user.desktop.nicepage.com/Site_2436617521/images/thumbnails/logoalk131.png","width":250,"height":250},"folderId":null,"usages":["281106830"]},{"id":"user-image-logofise.jpg","publicUrl":"np://user.desktop.nicepage.com/Site_2436617521/images/logofise.jpg","size":39493,"hash":"l7wFHMhAQPLM+mhVsteQFKjPNF4=","fileName":"logofise.jpg","name":"logofise","width":356,"height":356,"thumbnail":{"url":"np://user.desktop.nicepage.com/Site_2436617521/images/thumbnails/logofise.jpg","width":250,"height":250},"folderId":null,"usages":["281106830"]},{"id":"user-image-sebaaskatesmalltransparent.jpg","publicUrl":"np://user.desktop.nicepage.com/Site_2436617521/images/sebaaskatesmalltransparent.jpg","size":76390,"hash":"rQHDvcuYnl3FAVac1CIt9jE2dAw=","fileName":"sebaaskatesmalltransparent.jpg","name":"sebaaskatesmalltransparent","width":500,"height":500,"thumbnail":{"url":"np://user.desktop.nicepage.com/Site_2436617521/images/thumbnails/sebaaskatesmalltransparent.jpg","width":250,"height":250},"folderId":null,"usages":["281106830"]},{"id":"user-image-hauteur2.PNG","publicUrl":"np://user.desktop.nicepage.com/Site_2436617521/images/hauteur2.PNG","size":3166232,"hash":"+L/DzHwuvC110NgA/o8xIJrajlw=","fileName":"hauteur2.PNG","name":"hauteur2","width":2271,"height":1276,"thumbnail":{"url":"np://user.desktop.nicepage.com/Site_2436617521/images/thumbnails/hauteur2.PNG","width":250,"height":140},"folderId":null,"usages":["281106830"]},{"id":"user-image-urgence.PNG","publicUrl":"np://user.desktop.nicepage.com/Site_2436617521/images/urgence.PNG","size":3229547,"hash":"ZRTwGuth/ToeFSCfftfWBA+jzfg=","fileName":"urgence.PNG","name":"urgence","width":2280,"height":1204,"thumbnail":{"url":"np://user.desktop.nicepage.com/Site_2436617521/images/thumbnails/urgence.PNG","width":250,"height":132},"folderId":null,"usages":["281106830"]},{"id":"user-image-body2.png","publicUrl":"np://user.desktop.nicepage.com/Site_2436617521/images/body2.png","size":1479632,"hash":"qWYYiDaMw+EjSf1V9yG7aHvRhq0=","fileName":"body2.png","name":"body2","width":1527,"height":1378,"thumbnail":{"url":"np://user.desktop.nicepage.com/Site_2436617521/images/thumbnails/body2.png","width":250,"height":226},"folderId":null,"usages":["281106830"]},{"id":"user-image-titlec1.png","publicUrl":"np://user.desktop.nicepage.com/Site_2436617521/images/titlec1.png","size":42340,"hash":"/F6HrHrtQMilMLTwbiC4Opoz38w=","fileName":"titlec1.png","name":"titlec1","width":1175,"height":100,"thumbnail":{"url":"np://user.desktop.nicepage.com/Site_2436617521/images/thumbnails/titlec1.png","width":250,"height":21},"folderId":null,"usages":["281106830"]},{"id":"user-image-titleb1.png","publicUrl":"np://user.desktop.nicepage.com/Site_2436617521/images/titleb1.png","size":125281,"hash":"1dvgeJa2jyWnvkMigSYCQnDKO4Y=","fileName":"titleb1.png","name":"titleb1","width":1175,"height":180,"thumbnail":{"url":"np://user.desktop.nicepage.com/Site_2436617521/images/thumbnails/titleb1.png","width":250,"height":38},"folderId":null,"usages":["281106830"]},{"id":"user-image-113280-sky-4k-5k-wallpaper-8k-stars-mountains-night.jpg","publicUrl":"np://user.desktop.nicepage.com/Site_2436617521/images/113280-sky-4k-5k-wallpaper-8k-stars-mountains-night.jpg","size":1611368,"hash":"6dLKotZQhWWc82AGJbBp5bplht8=","fileName":"113280-sky-4k-5k-wallpaper-8k-stars-mountains-night.jpg","name":"113280-sky-4k-5k-wallpaper-8k-stars-mountains-night","width":3840,"height":2160,"thumbnail":{"url":"np://user.desktop.nicepage.com/Site_2436617521/images/thumbnails/113280-sky-4k-5k-wallpaper-8k-stars-mountains-night.jpg","width":250,"height":141},"folderId":null,"usages":["281106830"]},{"id":"user-image-favicon.PNG","publicUrl":"np://user.desktop.nicepage.com/Site_2436617521/images/favicon.PNG","size":723433,"hash":"mSSGDSDRbLGUmCW3h8b7rXIdI9g=","fileName":"favicon.PNG","name":"favicon","width":774,"height":763,"thumbnail":{"url":"np://user.desktop.nicepage.com/Site_2436617521/images/thumbnails/favicon.PNG","width":250,"height":246},"folderId":null,"usages":[]}]